{"cameraMode":{"drawMode":0,"name":"Shaded","section":"Shading Mode"},"sceneLighting":false,"audioPlay":false,"sceneViewState":{"showFog":true,"showMaterialUpdate":false,"showSkybox":false,"showFlares":true,"showImageEffects":true,"showParticleSystems":true},"in2DMode":false,"pivot":{"x":4.289999961853027,"y":5.320000171661377,"z":-0.0299999862909317},"rotation":{"x":0.178831085562706,"y":0.7432215809822083,"z":-0.21920810639858247,"w":0.6063205003738403},"size":0.8660253882408142,"orthographic":false}